trasa,opoznione,wszystkie,ile_razy_anulowane
FRA-STR,603,603,1
LUG-ZRH,563,563,1
FRA-HAJ,638,640,0.996875
NUE-FRA,740,745,0.99328859060402684564
FRA-NUE,640,645,0.99224806201550387597
FRA-DUS,744,750,0.992
DUS-FRA,954,965,0.98860103626943005181
FRA-BRU,696,705,0.98723404255319148936
MUC-DUS,598,606,0.98679867986798679868
FRA-HAM,669,681,0.98237885462555066079
