trasa,opoznione,wszystkie,ile_razy_opoznione180
BOS-FCO,652,654,0.9969418960244648318
MIA-FCO,598,600,0.99666666666666666667
JFK-FCO,587,605,0.97024793388429752066
JFK-MXP,711,736,0.96603260869565217391
ORD-LHR,297,531,0.55932203389830508475
CDG-JFK,292,715,0.40839160839160839161
JFK-LHR,415,1044,0.39750957854406130268
GLA-LHR,181,505,0.35841584158415841584
LHR-JFK,509,1442,0.35298196948682385576
LHR-ORD,286,843,0.33926453143534994069
